{
  "project_info": {
    "project_number": "205515140357",
    "firebase_url": "https://rollermaniac-a54df-default-rtdb.europe-west1.firebasedatabase.app",
    "project_id": "rollermaniac-a54df",
    "storage_bucket": "rollermaniac-a54df.firebasestorage.app"
  },
  "client": [
    {
      "client_info": {
        "mobilesdk_app_id": "1:205515140357:android:6fa8bd1e39bf66180a5b6c",
        "android_client_info": {
          "package_name": "com.sergiolopez.rollermaniac"
        }
      },
      "oauth_client": [
        {
          "client_id": "205515140357-f0p1a8b2vj744vvfpktcof3kd0psvdbi.apps.googleusercontent.com",
          "client_type": 1,
          "android_info": {
            "package_name": "com.sergiolopez.rollermaniac",
            "certificate_hash": "7c7b3f75d284dfdf7ddff25eb6961eb50542ae1e"
          }
        },
        {
          "client_id": "205515140357-35j8k2empbpago1fd7d03k7j7iqvuiga.apps.googleusercontent.com",
          "client_type": 3
        }
      ],
      "api_key": [
        {
          "current_key": "AIzaSyCYz9YZrZ9y_RMXWdis91zBuoi5ZqdfhwM"
        }
      ],
      "services": {
        "appinvite_service": {
          "other_platform_oauth_client": [
            {
              "client_id": "205515140357-35j8k2empbpago1fd7d03k7j7iqvuiga.apps.googleusercontent.com",
              "client_type": 3
            },
            {
              "client_id": "205515140357-nlvjujttrgkhhus7ue2k3vvan98rkcp7.apps.googleusercontent.com",
              "client_type": 2,
              "ios_info": {
                "bundle_id": "com.example.sergioRollermaniac"
              }
            }
          ]
        }
      }
    }
  ],
  "configuration_version": "1"
}