{"flutter":{"platforms":{"android":{"default":{"projectId":"rollermaniac-a54df","appId":"1:205515140357:android:6fa8bd1e39bf66180a5b6c","fileOutput":"android/app/google-services.json"}},"dart":{"lib/firebase_options.dart":{"projectId":"rollermaniac-a54df","configurations":{"android":"1:205515140357:android:6fa8bd1e39bf66180a5b6c","ios":"1:205515140357:ios:ed33b36b37c38e350a5b6c","macos":"1:205515140357:ios:ed33b36b37c38e350a5b6c","web":"1:205515140357:web:885cf49dbe79f1710a5b6c","windows":"1:205515140357:web:2d8c3451e593988d0a5b6c"}}}}}}